"owner","period","player","actual_fantasy_points","predicted_fantasy_points","lineup"
"me",1,"Stephen Curry",0,48.4741935483871,0
"me",1,"Bradley Beal",0,43.0194029850746,1
"me",1,"Kawhi Leonard",0,47.2103448275862,2
"me",1,"LaMarcus Aldridge",0,35.3983606557377,3
"me",1,"John Collins",0,37.4741935483871,12
"me",1,"Robert Covington",0,33.5761194029851,6
"me",1,"Dennis Schroder",0,32.1441176470588,5
"me",1,"Michael Porter Jr.",0,32.3838709677419,11
"me",1,"Eric Bledsoe",0,33.2253968253968,11
"me",1,"Marcus Smart",0,30.4290322580645,11
"me",1,"Evan Fournier",0,28.5461538461538,12
"me",1,"Ivica Zubac",0,27.1647058823529,4
"me",1,"Bogdan Bogdanovic",0,26.1230769230769,12
"me",2,"Stephen Curry",0,48.4741935483871,0
"me",2,"Bradley Beal",0,43.0194029850746,1
"me",2,"Kawhi Leonard",0,47.2103448275862,12
"me",2,"LaMarcus Aldridge",0,35.3983606557377,3
"me",2,"John Collins",0,37.4741935483871,4
"me",2,"Robert Covington",0,33.5761194029851,6
"me",2,"Dennis Schroder",0,32.1441176470588,12
"me",2,"Michael Porter Jr.",0,32.3838709677419,11
"me",2,"Eric Bledsoe",0,33.2253968253968,11
"me",2,"Marcus Smart",0,30.4290322580645,11
"me",2,"Evan Fournier",0,28.5461538461538,5
"me",2,"Ivica Zubac",0,27.1647058823529,12
"me",2,"Bogdan Bogdanovic",0,26.1230769230769,2
"me",3,"Stephen Curry",0,48.4741935483871,0
"me",3,"Bradley Beal",0,43.0194029850746,1
"me",3,"Kawhi Leonard",0,47.2103448275862,12
"me",3,"LaMarcus Aldridge",0,35.3983606557377,3
"me",3,"John Collins",0,37.4741935483871,4
"me",3,"Robert Covington",0,33.5761194029851,6
"me",3,"Dennis Schroder",0,32.1441176470588,12
"me",3,"Michael Porter Jr.",0,32.3838709677419,11
"me",3,"Eric Bledsoe",0,33.2253968253968,11
"me",3,"Marcus Smart",0,30.4290322580645,11
"me",3,"Evan Fournier",0,28.5461538461538,5
"me",3,"Ivica Zubac",0,27.1647058823529,12
"me",3,"Bogdan Bogdanovic",0,26.1230769230769,2
"me",4,"Stephen Curry",0,48.4741935483871,0
"me",4,"Bradley Beal",0,43.0194029850746,1
"me",4,"Kawhi Leonard",0,47.2103448275862,2
"me",4,"LaMarcus Aldridge",0,35.3983606557377,3
"me",4,"John Collins",0,37.4741935483871,12
"me",4,"Robert Covington",0,33.5761194029851,6
"me",4,"Dennis Schroder",0,32.1441176470588,5
"me",4,"Michael Porter Jr.",0,32.3838709677419,11
"me",4,"Eric Bledsoe",0,33.2253968253968,11
"me",4,"Marcus Smart",0,30.4290322580645,11
"me",4,"Evan Fournier",0,28.5461538461538,12
"me",4,"Ivica Zubac",0,27.1647058823529,4
"me",4,"Bogdan Bogdanovic",0,26.1230769230769,12
"me",5,"Stephen Curry",0,48.4741935483871,0
"me",5,"Bradley Beal",0,43.0194029850746,1
"me",5,"Kawhi Leonard",0,47.2103448275862,12
"me",5,"LaMarcus Aldridge",0,35.3983606557377,3
"me",5,"John Collins",0,37.4741935483871,4
"me",5,"Robert Covington",0,33.5761194029851,6
"me",5,"Dennis Schroder",0,32.1441176470588,12
"me",5,"Michael Porter Jr.",0,32.3838709677419,11
"me",5,"Eric Bledsoe",0,33.2253968253968,11
"me",5,"Marcus Smart",0,30.4290322580645,11
"me",5,"Evan Fournier",0,28.5461538461538,5
"me",5,"Ivica Zubac",0,27.1647058823529,12
"me",5,"Bogdan Bogdanovic",0,26.1230769230769,2
"me",6,"Stephen Curry",0,48.4741935483871,0
"me",6,"Bradley Beal",0,43.0194029850746,1
"me",6,"Kawhi Leonard",0,47.2103448275862,6
"me",6,"LaMarcus Aldridge",0,35.3983606557377,3
"me",6,"John Collins",0,37.4741935483871,12
"me",6,"Robert Covington",0,33.5761194029851,12
"me",6,"Dennis Schroder",0,32.1441176470588,11
"me",6,"Michael Porter Jr.",0,32.3838709677419,12
"me",6,"Eric Bledsoe",0,33.2253968253968,11
"me",6,"Marcus Smart",0,30.4290322580645,11
"me",6,"Evan Fournier",0,28.5461538461538,5
"me",6,"Ivica Zubac",0,27.1647058823529,4
"me",6,"Bogdan Bogdanovic",0,26.1230769230769,2
"eddie",1,"Karl-Anthony Towns",0,51.4074626865672,4
"eddie",1,"Joel Embiid",0,47.6354838709677,11
"eddie",1,"Bam Adebayo",0,38.9294117647059,3
"eddie",1,"Jrue Holiday",0,42.0769230769231,0
"eddie",1,"Kelly Oubre Jr.",0,36.3538461538462,2
"eddie",1,"T.J. Warren",0,37.01875,6
"eddie",1,"Jonas Valanciunas",0,35.2444444444444,11
"eddie",1,"LaMelo Ball",0,31.6030303030303,5
"eddie",1,"Lou Williams",0,30.9151515151515,1
"eddie",1,"Obi Toppin",0,27.8208955223881,11
"eddie",1,"Brandon Clarke",0,29.6793650793651,12
"eddie",1,"Mikal Bridges",0,25.9869565217391,12
"eddie",1,"Kendrick Nunn",0,27.3923076923077,12
"eddie",2,"Karl-Anthony Towns",0,51.4074626865672,4
"eddie",2,"Joel Embiid",0,47.6354838709677,11
"eddie",2,"Bam Adebayo",0,38.9294117647059,3
"eddie",2,"Jrue Holiday",0,42.0769230769231,0
"eddie",2,"Kelly Oubre Jr.",0,36.3538461538462,12
"eddie",2,"T.J. Warren",0,37.01875,6
"eddie",2,"Jonas Valanciunas",0,35.2444444444444,11
"eddie",2,"LaMelo Ball",0,31.6030303030303,5
"eddie",2,"Lou Williams",0,30.9151515151515,12
"eddie",2,"Obi Toppin",0,27.8208955223881,11
"eddie",2,"Brandon Clarke",0,29.6793650793651,12
"eddie",2,"Mikal Bridges",0,25.9869565217391,2
"eddie",2,"Kendrick Nunn",0,27.3923076923077,1
"eddie",3,"Karl-Anthony Towns",0,51.4074626865672,4
"eddie",3,"Joel Embiid",0,47.6354838709677,11
"eddie",3,"Bam Adebayo",0,38.9294117647059,3
"eddie",3,"Jrue Holiday",0,42.0769230769231,0
"eddie",3,"Kelly Oubre Jr.",0,36.3538461538462,12
"eddie",3,"T.J. Warren",0,37.01875,6
"eddie",3,"Jonas Valanciunas",0,35.2444444444444,11
"eddie",3,"LaMelo Ball",0,31.6030303030303,5
"eddie",3,"Lou Williams",0,30.9151515151515,12
"eddie",3,"Obi Toppin",0,27.8208955223881,11
"eddie",3,"Brandon Clarke",0,29.6793650793651,12
"eddie",3,"Mikal Bridges",0,25.9869565217391,2
"eddie",3,"Kendrick Nunn",0,27.3923076923077,1
"eddie",4,"Karl-Anthony Towns",0,51.4074626865672,4
"eddie",4,"Joel Embiid",0,47.6354838709677,11
"eddie",4,"Bam Adebayo",0,38.9294117647059,3
"eddie",4,"Jrue Holiday",0,42.0769230769231,0
"eddie",4,"Kelly Oubre Jr.",0,36.3538461538462,6
"eddie",4,"T.J. Warren",0,37.01875,12
"eddie",4,"Jonas Valanciunas",0,35.2444444444444,12
"eddie",4,"LaMelo Ball",0,31.6030303030303,5
"eddie",4,"Lou Williams",0,30.9151515151515,11
"eddie",4,"Obi Toppin",0,27.8208955223881,11
"eddie",4,"Brandon Clarke",0,29.6793650793651,12
"eddie",4,"Mikal Bridges",0,25.9869565217391,2
"eddie",4,"Kendrick Nunn",0,27.3923076923077,1
"eddie",5,"Karl-Anthony Towns",0,51.4074626865672,4
"eddie",5,"Joel Embiid",0,47.6354838709677,11
"eddie",5,"Bam Adebayo",0,38.9294117647059,12
"eddie",5,"Jrue Holiday",0,42.0769230769231,0
"eddie",5,"Kelly Oubre Jr.",0,36.3538461538462,12
"eddie",5,"T.J. Warren",0,37.01875,11
"eddie",5,"Jonas Valanciunas",0,35.2444444444444,11
"eddie",5,"LaMelo Ball",0,31.6030303030303,5
"eddie",5,"Lou Williams",0,30.9151515151515,12
"eddie",5,"Obi Toppin",0,27.8208955223881,3
"eddie",5,"Brandon Clarke",0,29.6793650793651,6
"eddie",5,"Mikal Bridges",0,25.9869565217391,2
"eddie",5,"Kendrick Nunn",0,27.3923076923077,1
"eddie",6,"Karl-Anthony Towns",0,51.4074626865672,4
"eddie",6,"Joel Embiid",0,47.6354838709677,11
"eddie",6,"Bam Adebayo",0,38.9294117647059,12
"eddie",6,"Jrue Holiday",0,42.0769230769231,0
"eddie",6,"Kelly Oubre Jr.",0,36.3538461538462,3
"eddie",6,"T.J. Warren",0,37.01875,6
"eddie",6,"Jonas Valanciunas",0,35.2444444444444,11
"eddie",6,"LaMelo Ball",0,31.6030303030303,5
"eddie",6,"Lou Williams",0,30.9151515151515,1
"eddie",6,"Obi Toppin",0,27.8208955223881,11
"eddie",6,"Brandon Clarke",0,29.6793650793651,12
"eddie",6,"Mikal Bridges",0,25.9869565217391,2
"eddie",6,"Kendrick Nunn",0,27.3923076923077,12
"alex",1,"Nikola Jokic",0,53.1176470588235,4
"alex",1,"Devin Booker",0,43.9393939393939,1
"alex",1,"Andre Drummond",0,41.2746268656716,11
"alex",1,"Jamal Murray",0,39.4923076923077,0
"alex",1,"Gordon Hayward",0,38.3,2
"alex",1,"Hassan Whiteside",0,35.8096774193548,11
"alex",1,"Al Horford",0,33.5923076923077,3
"alex",1,"Tyler Herro",0,29.5230769230769,5
"alex",1,"Josh Richardson",0,30.5181818181818,6
"alex",1,"Davis Bertans",0,25.9307692307692,12
"alex",1,"Spencer Dinwiddie",0,28.0769230769231,11
"alex",1,"Miles Bridges",0,25.7285714285714,12
"alex",1,"Anthony Edwards",0,25.4575757575758,12
"alex",2,"Nikola Jokic",0,53.1176470588235,4
"alex",2,"Devin Booker",0,43.9393939393939,1
"alex",2,"Andre Drummond",0,41.2746268656716,11
"alex",2,"Jamal Murray",0,39.4923076923077,0
"alex",2,"Gordon Hayward",0,38.3,2
"alex",2,"Hassan Whiteside",0,35.8096774193548,11
"alex",2,"Al Horford",0,33.5923076923077,3
"alex",2,"Tyler Herro",0,29.5230769230769,5
"alex",2,"Josh Richardson",0,30.5181818181818,6
"alex",2,"Davis Bertans",0,25.9307692307692,11
"alex",2,"Spencer Dinwiddie",0,28.0769230769231,12
"alex",2,"Miles Bridges",0,25.7285714285714,12
"alex",2,"Anthony Edwards",0,25.4575757575758,12
"alex",3,"Nikola Jokic",0,53.1176470588235,4
"alex",3,"Devin Booker",0,43.9393939393939,1
"alex",3,"Andre Drummond",0,41.2746268656716,11
"alex",3,"Jamal Murray",0,39.4923076923077,0
"alex",3,"Gordon Hayward",0,38.3,2
"alex",3,"Hassan Whiteside",0,35.8096774193548,11
"alex",3,"Al Horford",0,33.5923076923077,3
"alex",3,"Tyler Herro",0,29.5230769230769,5
"alex",3,"Josh Richardson",0,30.5181818181818,6
"alex",3,"Davis Bertans",0,25.9307692307692,11
"alex",3,"Spencer Dinwiddie",0,28.0769230769231,12
"alex",3,"Miles Bridges",0,25.7285714285714,12
"alex",3,"Anthony Edwards",0,25.4575757575758,12
"alex",4,"Nikola Jokic",0,53.1176470588235,4
"alex",4,"Devin Booker",0,43.9393939393939,1
"alex",4,"Andre Drummond",0,41.2746268656716,11
"alex",4,"Jamal Murray",0,39.4923076923077,0
"alex",4,"Gordon Hayward",0,38.3,2
"alex",4,"Hassan Whiteside",0,35.8096774193548,11
"alex",4,"Al Horford",0,33.5923076923077,3
"alex",4,"Tyler Herro",0,29.5230769230769,5
"alex",4,"Josh Richardson",0,30.5181818181818,6
"alex",4,"Davis Bertans",0,25.9307692307692,11
"alex",4,"Spencer Dinwiddie",0,28.0769230769231,12
"alex",4,"Miles Bridges",0,25.7285714285714,12
"alex",4,"Anthony Edwards",0,25.4575757575758,12
"alex",5,"Nikola Jokic",0,53.1176470588235,4
"alex",5,"Devin Booker",0,43.9393939393939,1
"alex",5,"Andre Drummond",0,41.2746268656716,11
"alex",5,"Jamal Murray",0,39.4923076923077,0
"alex",5,"Gordon Hayward",0,38.3,2
"alex",5,"Hassan Whiteside",0,35.8096774193548,11
"alex",5,"Al Horford",0,33.5923076923077,3
"alex",5,"Tyler Herro",0,29.5230769230769,5
"alex",5,"Josh Richardson",0,30.5181818181818,6
"alex",5,"Davis Bertans",0,25.9307692307692,11
"alex",5,"Spencer Dinwiddie",0,28.0769230769231,12
"alex",5,"Miles Bridges",0,25.7285714285714,12
"alex",5,"Anthony Edwards",0,25.4575757575758,12
"alex",6,"Nikola Jokic",0,53.1176470588235,4
"alex",6,"Devin Booker",0,43.9393939393939,1
"alex",6,"Andre Drummond",0,41.2746268656716,11
"alex",6,"Jamal Murray",0,39.4923076923077,0
"alex",6,"Gordon Hayward",0,38.3,2
"alex",6,"Hassan Whiteside",0,35.8096774193548,11
"alex",6,"Al Horford",0,33.5923076923077,3
"alex",6,"Tyler Herro",0,29.5230769230769,5
"alex",6,"Josh Richardson",0,30.5181818181818,6
"alex",6,"Davis Bertans",0,25.9307692307692,11
"alex",6,"Spencer Dinwiddie",0,28.0769230769231,12
"alex",6,"Miles Bridges",0,25.7285714285714,12
"alex",6,"Anthony Edwards",0,25.4575757575758,12
"lee",1,"Luka Doncic",0,53.4878787878788,0
"lee",1,"Ben Simmons",0,46.859375,5
"lee",1,"Brandon Ingram",0,41.7,2
"lee",1,"Domantas Sabonis",0,40.1,6
"lee",1,"Zach LaVine",0,39.0666666666667,1
"lee",1,"Mitchell Robinson",0,34.45,4
"lee",1,"Montrezl Harrell",0,32.1676470588235,3
"lee",1,"Jaren Jackson Jr.",0,32.6103448275862,12
"lee",1,"Andrew Wiggins",0,29.8731343283582,11
"lee",1,"Tyrese Haliburton",0,30.3484848484848,11
"lee",1,"RJ Barrett",0,25.1076923076923,12
"lee",1,"Seth Curry",0,22.9307692307692,12
"lee",1,"James Wiseman",0,26.48125,11
"lee",2,"Luka Doncic",0,53.4878787878788,0
"lee",2,"Ben Simmons",0,46.859375,5
"lee",2,"Brandon Ingram",0,41.7,2
"lee",2,"Domantas Sabonis",0,40.1,6
"lee",2,"Zach LaVine",0,39.0666666666667,1
"lee",2,"Mitchell Robinson",0,34.45,4
"lee",2,"Montrezl Harrell",0,32.1676470588235,3
"lee",2,"Jaren Jackson Jr.",0,32.6103448275862,12
"lee",2,"Andrew Wiggins",0,29.8731343283582,11
"lee",2,"Tyrese Haliburton",0,30.3484848484848,11
"lee",2,"RJ Barrett",0,25.1076923076923,12
"lee",2,"Seth Curry",0,22.9307692307692,12
"lee",2,"James Wiseman",0,26.48125,11
"lee",3,"Luka Doncic",0,53.4878787878788,0
"lee",3,"Ben Simmons",0,46.859375,5
"lee",3,"Brandon Ingram",0,41.7,2
"lee",3,"Domantas Sabonis",0,40.1,6
"lee",3,"Zach LaVine",0,39.0666666666667,1
"lee",3,"Mitchell Robinson",0,34.45,4
"lee",3,"Montrezl Harrell",0,32.1676470588235,3
"lee",3,"Jaren Jackson Jr.",0,32.6103448275862,12
"lee",3,"Andrew Wiggins",0,29.8731343283582,11
"lee",3,"Tyrese Haliburton",0,30.3484848484848,11
"lee",3,"RJ Barrett",0,25.1076923076923,12
"lee",3,"Seth Curry",0,22.9307692307692,12
"lee",3,"James Wiseman",0,26.48125,11
"lee",4,"Luka Doncic",0,53.4878787878788,0
"lee",4,"Ben Simmons",0,46.859375,5
"lee",4,"Brandon Ingram",0,41.7,2
"lee",4,"Domantas Sabonis",0,40.1,6
"lee",4,"Zach LaVine",0,39.0666666666667,1
"lee",4,"Mitchell Robinson",0,34.45,4
"lee",4,"Montrezl Harrell",0,32.1676470588235,3
"lee",4,"Jaren Jackson Jr.",0,32.6103448275862,12
"lee",4,"Andrew Wiggins",0,29.8731343283582,11
"lee",4,"Tyrese Haliburton",0,30.3484848484848,11
"lee",4,"RJ Barrett",0,25.1076923076923,12
"lee",4,"Seth Curry",0,22.9307692307692,12
"lee",4,"James Wiseman",0,26.48125,11
"lee",5,"Luka Doncic",0,53.4878787878788,0
"lee",5,"Ben Simmons",0,46.859375,5
"lee",5,"Brandon Ingram",0,41.7,2
"lee",5,"Domantas Sabonis",0,40.1,6
"lee",5,"Zach LaVine",0,39.0666666666667,1
"lee",5,"Mitchell Robinson",0,34.45,4
"lee",5,"Montrezl Harrell",0,32.1676470588235,3
"lee",5,"Jaren Jackson Jr.",0,32.6103448275862,12
"lee",5,"Andrew Wiggins",0,29.8731343283582,11
"lee",5,"Tyrese Haliburton",0,30.3484848484848,11
"lee",5,"RJ Barrett",0,25.1076923076923,12
"lee",5,"Seth Curry",0,22.9307692307692,12
"lee",5,"James Wiseman",0,26.48125,11
"lee",6,"Luka Doncic",0,53.4878787878788,0
"lee",6,"Ben Simmons",0,46.859375,5
"lee",6,"Brandon Ingram",0,41.7,2
"lee",6,"Domantas Sabonis",0,40.1,6
"lee",6,"Zach LaVine",0,39.0666666666667,1
"lee",6,"Mitchell Robinson",0,34.45,4
"lee",6,"Montrezl Harrell",0,32.1676470588235,3
"lee",6,"Jaren Jackson Jr.",0,32.6103448275862,12
"lee",6,"Andrew Wiggins",0,29.8731343283582,11
"lee",6,"Tyrese Haliburton",0,30.3484848484848,11
"lee",6,"RJ Barrett",0,25.1076923076923,12
"lee",6,"Seth Curry",0,22.9307692307692,12
"lee",6,"James Wiseman",0,26.48125,11
"eugene",1,"Russell Westbrook",0,47.152380952381,0
"eugene",1,"LeBron James",0,51.4206349206349,2
"eugene",1,"Donovan Mitchell",0,38.7294117647059,1
"eugene",1,"Ja Morant",0,41.0076923076923,5
"eugene",1,"Kyle Lowry",0,38.1076923076923,11
"eugene",1,"Kemba Walker",0,35.4642857142857,13
"eugene",1,"Buddy Hield",0,29.2382352941176,11
"eugene",1,"Devonte' Graham",0,33.4923076923077,12
"eugene",1,"Myles Turner",0,31.8666666666667,4
"eugene",1,"Brook Lopez",0,28.5969696969697,12
"eugene",1,"Rui Hachimura",0,27.7230769230769,3
"eugene",1,"Marvin Bagley III",0,29.659649122807,12
"eugene",1,"OG Anunoby",0,22.7363636363636,12
"eugene",1,"Dillon Brooks",0,25.0298507462687,12
"eugene",2,"Russell Westbrook",0,47.152380952381,0
"eugene",2,"LeBron James",0,51.4206349206349,12
"eugene",2,"Donovan Mitchell",0,38.7294117647059,1
"eugene",2,"Ja Morant",0,41.0076923076923,5
"eugene",2,"Kyle Lowry",0,38.1076923076923,11
"eugene",2,"Kemba Walker",0,35.4642857142857,13
"eugene",2,"Buddy Hield",0,29.2382352941176,11
"eugene",2,"Devonte' Graham",0,33.4923076923077,11
"eugene",2,"Myles Turner",0,31.8666666666667,12
"eugene",2,"Brook Lopez",0,28.5969696969697,4
"eugene",2,"Rui Hachimura",0,27.7230769230769,12
"eugene",2,"Marvin Bagley III",0,29.659649122807,3
"eugene",2,"OG Anunoby",0,22.7363636363636,2
"eugene",2,"Dillon Brooks",0,25.0298507462687,6
"eugene",3,"Russell Westbrook",0,47.152380952381,0
"eugene",3,"LeBron James",0,51.4206349206349,12
"eugene",3,"Donovan Mitchell",0,38.7294117647059,1
"eugene",3,"Ja Morant",0,41.0076923076923,5
"eugene",3,"Kyle Lowry",0,38.1076923076923,11
"eugene",3,"Kemba Walker",0,35.4642857142857,13
"eugene",3,"Buddy Hield",0,29.2382352941176,11
"eugene",3,"Devonte' Graham",0,33.4923076923077,11
"eugene",3,"Myles Turner",0,31.8666666666667,12
"eugene",3,"Brook Lopez",0,28.5969696969697,4
"eugene",3,"Rui Hachimura",0,27.7230769230769,12
"eugene",3,"Marvin Bagley III",0,29.659649122807,3
"eugene",3,"OG Anunoby",0,22.7363636363636,2
"eugene",3,"Dillon Brooks",0,25.0298507462687,6
"eugene",4,"Russell Westbrook",0,47.152380952381,0
"eugene",4,"LeBron James",0,51.4206349206349,3
"eugene",4,"Donovan Mitchell",0,38.7294117647059,1
"eugene",4,"Ja Morant",0,41.0076923076923,5
"eugene",4,"Kyle Lowry",0,38.1076923076923,12
"eugene",4,"Kemba Walker",0,35.4642857142857,13
"eugene",4,"Buddy Hield",0,29.2382352941176,11
"eugene",4,"Devonte' Graham",0,33.4923076923077,12
"eugene",4,"Myles Turner",0,31.8666666666667,4
"eugene",4,"Brook Lopez",0,28.5969696969697,11
"eugene",4,"Rui Hachimura",0,27.7230769230769,12
"eugene",4,"Marvin Bagley III",0,29.659649122807,6
"eugene",4,"OG Anunoby",0,22.7363636363636,12
"eugene",4,"Dillon Brooks",0,25.0298507462687,12
"eugene",5,"Russell Westbrook",0,47.152380952381,0
"eugene",5,"LeBron James",0,51.4206349206349,12
"eugene",5,"Donovan Mitchell",0,38.7294117647059,1
"eugene",5,"Ja Morant",0,41.0076923076923,5
"eugene",5,"Kyle Lowry",0,38.1076923076923,11
"eugene",5,"Kemba Walker",0,35.4642857142857,13
"eugene",5,"Buddy Hield",0,29.2382352941176,11
"eugene",5,"Devonte' Graham",0,33.4923076923077,11
"eugene",5,"Myles Turner",0,31.8666666666667,4
"eugene",5,"Brook Lopez",0,28.5969696969697,12
"eugene",5,"Rui Hachimura",0,27.7230769230769,12
"eugene",5,"Marvin Bagley III",0,29.659649122807,3
"eugene",5,"OG Anunoby",0,22.7363636363636,2
"eugene",5,"Dillon Brooks",0,25.0298507462687,6
"eugene",6,"Russell Westbrook",0,47.152380952381,0
"eugene",6,"LeBron James",0,51.4206349206349,2
"eugene",6,"Donovan Mitchell",0,38.7294117647059,1
"eugene",6,"Ja Morant",0,41.0076923076923,5
"eugene",6,"Kyle Lowry",0,38.1076923076923,12
"eugene",6,"Kemba Walker",0,35.4642857142857,13
"eugene",6,"Buddy Hield",0,29.2382352941176,11
"eugene",6,"Devonte' Graham",0,33.4923076923077,11
"eugene",6,"Myles Turner",0,31.8666666666667,4
"eugene",6,"Brook Lopez",0,28.5969696969697,11
"eugene",6,"Rui Hachimura",0,27.7230769230769,12
"eugene",6,"Marvin Bagley III",0,29.659649122807,3
"eugene",6,"OG Anunoby",0,22.7363636363636,12
"eugene",6,"Dillon Brooks",0,25.0298507462687,6
"stephen",1,"Giannis Antetokounmpo",0,56.1388059701493,3
"stephen",1,"Pascal Siakam",0,43.6272727272727,6
"stephen",1,"Shai Gilgeous-Alexander",0,44.103125,1
"stephen",1,"Tobias Harris",0,38.131884057971,2
"stephen",1,"D'Angelo Russell",0,41.8677419354839,0
"stephen",1,"CJ McCollum",0,35.0666666666667,5
"stephen",1,"Draymond Green",0,35.075,11
"stephen",1,"Delon Wright",0,33.5461538461538,11
"stephen",1,"Lonzo Ball",0,34.1870967741935,11
"stephen",1,"Mason Plumlee",0,31.4619047619048,4
"stephen",1,"Donte DiVincenzo",0,30.5384615384615,12
"stephen",1,"Richaun Holmes",0,28.8714285714286,12
"stephen",1,"Thomas Bryant",0,30.4847457627119,12
"stephen",2,"Giannis Antetokounmpo",0,56.1388059701493,3
"stephen",2,"Pascal Siakam",0,43.6272727272727,6
"stephen",2,"Shai Gilgeous-Alexander",0,44.103125,1
"stephen",2,"Tobias Harris",0,38.131884057971,2
"stephen",2,"D'Angelo Russell",0,41.8677419354839,0
"stephen",2,"CJ McCollum",0,35.0666666666667,5
"stephen",2,"Draymond Green",0,35.075,12
"stephen",2,"Delon Wright",0,33.5461538461538,11
"stephen",2,"Lonzo Ball",0,34.1870967741935,11
"stephen",2,"Mason Plumlee",0,31.4619047619048,4
"stephen",2,"Donte DiVincenzo",0,30.5384615384615,12
"stephen",2,"Richaun Holmes",0,28.8714285714286,11
"stephen",2,"Thomas Bryant",0,30.4847457627119,12
"stephen",3,"Giannis Antetokounmpo",0,56.1388059701493,3
"stephen",3,"Pascal Siakam",0,43.6272727272727,6
"stephen",3,"Shai Gilgeous-Alexander",0,44.103125,1
"stephen",3,"Tobias Harris",0,38.131884057971,2
"stephen",3,"D'Angelo Russell",0,41.8677419354839,0
"stephen",3,"CJ McCollum",0,35.0666666666667,5
"stephen",3,"Draymond Green",0,35.075,12
"stephen",3,"Delon Wright",0,33.5461538461538,11
"stephen",3,"Lonzo Ball",0,34.1870967741935,11
"stephen",3,"Mason Plumlee",0,31.4619047619048,4
"stephen",3,"Donte DiVincenzo",0,30.5384615384615,12
"stephen",3,"Richaun Holmes",0,28.8714285714286,11
"stephen",3,"Thomas Bryant",0,30.4847457627119,12
"stephen",4,"Giannis Antetokounmpo",0,56.1388059701493,3
"stephen",4,"Pascal Siakam",0,43.6272727272727,12
"stephen",4,"Shai Gilgeous-Alexander",0,44.103125,1
"stephen",4,"Tobias Harris",0,38.131884057971,2
"stephen",4,"D'Angelo Russell",0,41.8677419354839,0
"stephen",4,"CJ McCollum",0,35.0666666666667,5
"stephen",4,"Draymond Green",0,35.075,6
"stephen",4,"Delon Wright",0,33.5461538461538,12
"stephen",4,"Lonzo Ball",0,34.1870967741935,11
"stephen",4,"Mason Plumlee",0,31.4619047619048,4
"stephen",4,"Donte DiVincenzo",0,30.5384615384615,11
"stephen",4,"Richaun Holmes",0,28.8714285714286,11
"stephen",4,"Thomas Bryant",0,30.4847457627119,12
"stephen",5,"Giannis Antetokounmpo",0,56.1388059701493,11
"stephen",5,"Pascal Siakam",0,43.6272727272727,6
"stephen",5,"Shai Gilgeous-Alexander",0,44.103125,1
"stephen",5,"Tobias Harris",0,38.131884057971,2
"stephen",5,"D'Angelo Russell",0,41.8677419354839,0
"stephen",5,"CJ McCollum",0,35.0666666666667,5
"stephen",5,"Draymond Green",0,35.075,12
"stephen",5,"Delon Wright",0,33.5461538461538,11
"stephen",5,"Lonzo Ball",0,34.1870967741935,12
"stephen",5,"Mason Plumlee",0,31.4619047619048,4
"stephen",5,"Donte DiVincenzo",0,30.5384615384615,12
"stephen",5,"Richaun Holmes",0,28.8714285714286,3
"stephen",5,"Thomas Bryant",0,30.4847457627119,11
"stephen",6,"Giannis Antetokounmpo",0,56.1388059701493,6
"stephen",6,"Pascal Siakam",0,43.6272727272727,12
"stephen",6,"Shai Gilgeous-Alexander",0,44.103125,1
"stephen",6,"Tobias Harris",0,38.131884057971,2
"stephen",6,"D'Angelo Russell",0,41.8677419354839,0
"stephen",6,"CJ McCollum",0,35.0666666666667,5
"stephen",6,"Draymond Green",0,35.075,11
"stephen",6,"Delon Wright",0,33.5461538461538,12
"stephen",6,"Lonzo Ball",0,34.1870967741935,11
"stephen",6,"Mason Plumlee",0,31.4619047619048,12
"stephen",6,"Donte DiVincenzo",0,30.5384615384615,11
"stephen",6,"Richaun Holmes",0,28.8714285714286,3
"stephen",6,"Thomas Bryant",0,30.4847457627119,4
"kyle",1,"Trae Young",0,46.903125,0
"kyle",1,"Jayson Tatum",0,46.74375,3
"kyle",1,"Nikola Vucevic",0,42.7354838709677,4
"kyle",1,"Rudy Gobert",0,40.9125,11
"kyle",1,"Fred VanVleet",0,37.2153846153846,1
"kyle",1,"Christian Wood",0,35.1015873015873,6
"kyle",1,"Steven Adams",0,32.7088235294118,11
"kyle",1,"Jaylen Brown",0,32.2333333333333,12
"kyle",1,"Dejounte Murray",0,30.475,5
"kyle",1,"Markelle Fultz",0,30.4460317460317,11
"kyle",1,"Coby White",0,26.9686567164179,12
"kyle",1,"PJ Washington",0,27.0923076923077,12
"kyle",1,"Derrick White",0,25.7307692307692,13
"kyle",1,"Joe Harris",0,24.7730158730159,2
"kyle",2,"Trae Young",0,46.903125,0
"kyle",2,"Jayson Tatum",0,46.74375,3
"kyle",2,"Nikola Vucevic",0,42.7354838709677,4
"kyle",2,"Rudy Gobert",0,40.9125,11
"kyle",2,"Fred VanVleet",0,37.2153846153846,1
"kyle",2,"Christian Wood",0,35.1015873015873,6
"kyle",2,"Steven Adams",0,32.7088235294118,11
"kyle",2,"Jaylen Brown",0,32.2333333333333,2
"kyle",2,"Dejounte Murray",0,30.475,5
"kyle",2,"Markelle Fultz",0,30.4460317460317,11
"kyle",2,"Coby White",0,26.9686567164179,12
"kyle",2,"PJ Washington",0,27.0923076923077,12
"kyle",2,"Derrick White",0,25.7307692307692,13
"kyle",2,"Joe Harris",0,24.7730158730159,12
"kyle",3,"Trae Young",0,46.903125,0
"kyle",3,"Jayson Tatum",0,46.74375,3
"kyle",3,"Nikola Vucevic",0,42.7354838709677,4
"kyle",3,"Rudy Gobert",0,40.9125,11
"kyle",3,"Fred VanVleet",0,37.2153846153846,1
"kyle",3,"Christian Wood",0,35.1015873015873,6
"kyle",3,"Steven Adams",0,32.7088235294118,11
"kyle",3,"Jaylen Brown",0,32.2333333333333,2
"kyle",3,"Dejounte Murray",0,30.475,5
"kyle",3,"Markelle Fultz",0,30.4460317460317,11
"kyle",3,"Coby White",0,26.9686567164179,12
"kyle",3,"PJ Washington",0,27.0923076923077,12
"kyle",3,"Derrick White",0,25.7307692307692,13
"kyle",3,"Joe Harris",0,24.7730158730159,12
"kyle",4,"Trae Young",0,46.903125,0
"kyle",4,"Jayson Tatum",0,46.74375,3
"kyle",4,"Nikola Vucevic",0,42.7354838709677,4
"kyle",4,"Rudy Gobert",0,40.9125,11
"kyle",4,"Fred VanVleet",0,37.2153846153846,1
"kyle",4,"Christian Wood",0,35.1015873015873,6
"kyle",4,"Steven Adams",0,32.7088235294118,11
"kyle",4,"Jaylen Brown",0,32.2333333333333,2
"kyle",4,"Dejounte Murray",0,30.475,12
"kyle",4,"Markelle Fultz",0,30.4460317460317,11
"kyle",4,"Coby White",0,26.9686567164179,12
"kyle",4,"PJ Washington",0,27.0923076923077,12
"kyle",4,"Derrick White",0,25.7307692307692,13
"kyle",4,"Joe Harris",0,24.7730158730159,5
"kyle",5,"Trae Young",0,46.903125,0
"kyle",5,"Jayson Tatum",0,46.74375,12
"kyle",5,"Nikola Vucevic",0,42.7354838709677,4
"kyle",5,"Rudy Gobert",0,40.9125,11
"kyle",5,"Fred VanVleet",0,37.2153846153846,1
"kyle",5,"Christian Wood",0,35.1015873015873,3
"kyle",5,"Steven Adams",0,32.7088235294118,12
"kyle",5,"Jaylen Brown",0,32.2333333333333,2
"kyle",5,"Dejounte Murray",0,30.475,5
"kyle",5,"Markelle Fultz",0,30.4460317460317,11
"kyle",5,"Coby White",0,26.9686567164179,11
"kyle",5,"PJ Washington",0,27.0923076923077,6
"kyle",5,"Derrick White",0,25.7307692307692,13
"kyle",5,"Joe Harris",0,24.7730158730159,12
"kyle",6,"Trae Young",0,46.903125,12
"kyle",6,"Jayson Tatum",0,46.74375,3
"kyle",6,"Nikola Vucevic",0,42.7354838709677,4
"kyle",6,"Rudy Gobert",0,40.9125,12
"kyle",6,"Fred VanVleet",0,37.2153846153846,12
"kyle",6,"Christian Wood",0,35.1015873015873,12
"kyle",6,"Steven Adams",0,32.7088235294118,11
"kyle",6,"Jaylen Brown",0,32.2333333333333,2
"kyle",6,"Dejounte Murray",0,30.475,5
"kyle",6,"Markelle Fultz",0,30.4460317460317,11
"kyle",6,"Coby White",0,26.9686567164179,11
"kyle",6,"PJ Washington",0,27.0923076923077,6
"kyle",6,"Derrick White",0,25.7307692307692,13
"kyle",6,"Joe Harris",0,24.7730158730159,1
"liam",1,"James Harden",0,51.9985074626866,1
"liam",1,"Jimmy Butler",0,41.9212121212121,2
"liam",1,"Deandre Ayton",0,42.3,4
"liam",1,"DeMar DeRozan",0,38.5705882352941,5
"liam",1,"De'Aaron Fox",0,40.7349206349206,0
"liam",1,"Clint Capela",0,34.59375,11
"liam",1,"Julius Randle",0,33.5492063492064,3
"liam",1,"Aaron Gordon",0,32.5666666666667,6
"liam",1,"Jerami Grant",0,31.5701492537313,11
"liam",1,"Lauri Markkanen",0,31.0333333333333,12
"liam",1,"Collin Sexton",0,28.1151515151515,12
"liam",1,"Jarrett Allen",0,28.1625,11
"liam",1,"Terry Rozier",0,26.5671641791045,12
"liam",2,"James Harden",0,51.9985074626866,1
"liam",2,"Jimmy Butler",0,41.9212121212121,2
"liam",2,"Deandre Ayton",0,42.3,4
"liam",2,"DeMar DeRozan",0,38.5705882352941,5
"liam",2,"De'Aaron Fox",0,40.7349206349206,0
"liam",2,"Clint Capela",0,34.59375,11
"liam",2,"Julius Randle",0,33.5492063492064,3
"liam",2,"Aaron Gordon",0,32.5666666666667,6
"liam",2,"Jerami Grant",0,31.5701492537313,11
"liam",2,"Lauri Markkanen",0,31.0333333333333,12
"liam",2,"Collin Sexton",0,28.1151515151515,12
"liam",2,"Jarrett Allen",0,28.1625,11
"liam",2,"Terry Rozier",0,26.5671641791045,12
"liam",3,"James Harden",0,51.9985074626866,1
"liam",3,"Jimmy Butler",0,41.9212121212121,2
"liam",3,"Deandre Ayton",0,42.3,4
"liam",3,"DeMar DeRozan",0,38.5705882352941,5
"liam",3,"De'Aaron Fox",0,40.7349206349206,0
"liam",3,"Clint Capela",0,34.59375,11
"liam",3,"Julius Randle",0,33.5492063492064,3
"liam",3,"Aaron Gordon",0,32.5666666666667,6
"liam",3,"Jerami Grant",0,31.5701492537313,11
"liam",3,"Lauri Markkanen",0,31.0333333333333,12
"liam",3,"Collin Sexton",0,28.1151515151515,12
"liam",3,"Jarrett Allen",0,28.1625,11
"liam",3,"Terry Rozier",0,26.5671641791045,12
"liam",4,"James Harden",0,51.9985074626866,1
"liam",4,"Jimmy Butler",0,41.9212121212121,2
"liam",4,"Deandre Ayton",0,42.3,4
"liam",4,"DeMar DeRozan",0,38.5705882352941,5
"liam",4,"De'Aaron Fox",0,40.7349206349206,0
"liam",4,"Clint Capela",0,34.59375,11
"liam",4,"Julius Randle",0,33.5492063492064,3
"liam",4,"Aaron Gordon",0,32.5666666666667,6
"liam",4,"Jerami Grant",0,31.5701492537313,11
"liam",4,"Lauri Markkanen",0,31.0333333333333,12
"liam",4,"Collin Sexton",0,28.1151515151515,12
"liam",4,"Jarrett Allen",0,28.1625,11
"liam",4,"Terry Rozier",0,26.5671641791045,12
"liam",5,"James Harden",0,51.9985074626866,1
"liam",5,"Jimmy Butler",0,41.9212121212121,2
"liam",5,"Deandre Ayton",0,42.3,4
"liam",5,"DeMar DeRozan",0,38.5705882352941,5
"liam",5,"De'Aaron Fox",0,40.7349206349206,0
"liam",5,"Clint Capela",0,34.59375,11
"liam",5,"Julius Randle",0,33.5492063492064,3
"liam",5,"Aaron Gordon",0,32.5666666666667,6
"liam",5,"Jerami Grant",0,31.5701492537313,11
"liam",5,"Lauri Markkanen",0,31.0333333333333,12
"liam",5,"Collin Sexton",0,28.1151515151515,12
"liam",5,"Jarrett Allen",0,28.1625,11
"liam",5,"Terry Rozier",0,26.5671641791045,12
"liam",6,"James Harden",0,51.9985074626866,1
"liam",6,"Jimmy Butler",0,41.9212121212121,2
"liam",6,"Deandre Ayton",0,42.3,4
"liam",6,"DeMar DeRozan",0,38.5705882352941,5
"liam",6,"De'Aaron Fox",0,40.7349206349206,0
"liam",6,"Clint Capela",0,34.59375,11
"liam",6,"Julius Randle",0,33.5492063492064,3
"liam",6,"Aaron Gordon",0,32.5666666666667,6
"liam",6,"Jerami Grant",0,31.5701492537313,11
"liam",6,"Lauri Markkanen",0,31.0333333333333,12
"liam",6,"Collin Sexton",0,28.1151515151515,12
"liam",6,"Jarrett Allen",0,28.1625,11
"liam",6,"Terry Rozier",0,26.5671641791045,12
"greg",1,"Damian Lillard",0,50.6692307692308,0
"greg",1,"Kevin Durant",0,48.071875,2
"greg",1,"Paul George",0,42.396875,6
"greg",1,"Jusuf Nurkic",0,40.0524590163934,12
"greg",1,"Chris Paul",0,40.8741935483871,5
"greg",1,"Kristaps Porzingis",0,42.1111111111111,13
"greg",1,"Victor Oladipo",0,35.2333333333333,11
"greg",1,"Mike Conley",0,35.5457627118644,11
"greg",1,"Caris LeVert",0,30.5619047619048,1
"greg",1,"Ricky Rubio",0,32.2603174603175,11
"greg",1,"Otto Porter Jr.",0,33.0545454545455,12
"greg",1,"Serge Ibaka",0,28.8095238095238,4
"greg",1,"Malik Beasley",0,26.330303030303,12
"greg",2,"Damian Lillard",0,50.6692307692308,0
"greg",2,"Kevin Durant",0,48.071875,12
"greg",2,"Paul George",0,42.396875,6
"greg",2,"Jusuf Nurkic",0,40.0524590163934,4
"greg",2,"Chris Paul",0,40.8741935483871,5
"greg",2,"Kristaps Porzingis",0,42.1111111111111,13
"greg",2,"Victor Oladipo",0,35.2333333333333,1
"greg",2,"Mike Conley",0,35.5457627118644,11
"greg",2,"Caris LeVert",0,30.5619047619048,12
"greg",2,"Ricky Rubio",0,32.2603174603175,11
"greg",2,"Otto Porter Jr.",0,33.0545454545455,2
"greg",2,"Serge Ibaka",0,28.8095238095238,12
"greg",2,"Malik Beasley",0,26.330303030303,11
"greg",3,"Damian Lillard",0,50.6692307692308,0
"greg",3,"Kevin Durant",0,48.071875,12
"greg",3,"Paul George",0,42.396875,6
"greg",3,"Jusuf Nurkic",0,40.0524590163934,4
"greg",3,"Chris Paul",0,40.8741935483871,5
"greg",3,"Kristaps Porzingis",0,42.1111111111111,13
"greg",3,"Victor Oladipo",0,35.2333333333333,1
"greg",3,"Mike Conley",0,35.5457627118644,11
"greg",3,"Caris LeVert",0,30.5619047619048,12
"greg",3,"Ricky Rubio",0,32.2603174603175,11
"greg",3,"Otto Porter Jr.",0,33.0545454545455,2
"greg",3,"Serge Ibaka",0,28.8095238095238,12
"greg",3,"Malik Beasley",0,26.330303030303,11
"greg",4,"Damian Lillard",0,50.6692307692308,0
"greg",4,"Kevin Durant",0,48.071875,3
"greg",4,"Paul George",0,42.396875,2
"greg",4,"Jusuf Nurkic",0,40.0524590163934,12
"greg",4,"Chris Paul",0,40.8741935483871,5
"greg",4,"Kristaps Porzingis",0,42.1111111111111,13
"greg",4,"Victor Oladipo",0,35.2333333333333,12
"greg",4,"Mike Conley",0,35.5457627118644,11
"greg",4,"Caris LeVert",0,30.5619047619048,1
"greg",4,"Ricky Rubio",0,32.2603174603175,11
"greg",4,"Otto Porter Jr.",0,33.0545454545455,12
"greg",4,"Serge Ibaka",0,28.8095238095238,4
"greg",4,"Malik Beasley",0,26.330303030303,11
"greg",5,"Damian Lillard",0,50.6692307692308,0
"greg",5,"Kevin Durant",0,48.071875,3
"greg",5,"Paul George",0,42.396875,12
"greg",5,"Jusuf Nurkic",0,40.0524590163934,4
"greg",5,"Chris Paul",0,40.8741935483871,11
"greg",5,"Kristaps Porzingis",0,42.1111111111111,13
"greg",5,"Victor Oladipo",0,35.2333333333333,1
"greg",5,"Mike Conley",0,35.5457627118644,5
"greg",5,"Caris LeVert",0,30.5619047619048,12
"greg",5,"Ricky Rubio",0,32.2603174603175,11
"greg",5,"Otto Porter Jr.",0,33.0545454545455,2
"greg",5,"Serge Ibaka",0,28.8095238095238,12
"greg",5,"Malik Beasley",0,26.330303030303,11
"greg",6,"Damian Lillard",0,50.6692307692308,0
"greg",6,"Kevin Durant",0,48.071875,3
"greg",6,"Paul George",0,42.396875,6
"greg",6,"Jusuf Nurkic",0,40.0524590163934,12
"greg",6,"Chris Paul",0,40.8741935483871,11
"greg",6,"Kristaps Porzingis",0,42.1111111111111,13
"greg",6,"Victor Oladipo",0,35.2333333333333,1
"greg",6,"Mike Conley",0,35.5457627118644,12
"greg",6,"Caris LeVert",0,30.5619047619048,5
"greg",6,"Ricky Rubio",0,32.2603174603175,11
"greg",6,"Otto Porter Jr.",0,33.0545454545455,2
"greg",6,"Serge Ibaka",0,28.8095238095238,4
"greg",6,"Malik Beasley",0,26.330303030303,11
"daniel",1,"Anthony Davis",0,55.3524590163934,3
"daniel",1,"Zion Williamson",0,44.4836065573771,6
"daniel",1,"Kyrie Irving",0,45.9333333333333,0
"daniel",1,"Khris Middleton",0,39.26875,2
"daniel",1,"Malcolm Brogdon",0,36.9836065573771,1
"daniel",1,"John Wall",0,38.9140350877193,5
"daniel",1,"Blake Griffin",0,34.7612244897959,11
"daniel",1,"Danilo Gallinari",0,31.4333333333333,11
"daniel",1,"DeMarcus Cousins",0,35.6,4
"daniel",1,"Derrick Rose",0,30.1473684210526,11
"daniel",1,"Kevin Love",0,32.5178571428571,12
"daniel",1,"Bojan Bogdanovic",0,27.11875,12
"daniel",1,"Goran Dragic",0,29.4272727272727,12
"daniel",2,"Anthony Davis",0,55.3524590163934,12
"daniel",2,"Zion Williamson",0,44.4836065573771,6
"daniel",2,"Kyrie Irving",0,45.9333333333333,12
"daniel",2,"Khris Middleton",0,39.26875,2
"daniel",2,"Malcolm Brogdon",0,36.9836065573771,1
"daniel",2,"John Wall",0,38.9140350877193,5
"daniel",2,"Blake Griffin",0,34.7612244897959,11
"daniel",2,"Danilo Gallinari",0,31.4333333333333,11
"daniel",2,"DeMarcus Cousins",0,35.6,4
"daniel",2,"Derrick Rose",0,30.1473684210526,11
"daniel",2,"Kevin Love",0,32.5178571428571,12
"daniel",2,"Bojan Bogdanovic",0,27.11875,3
"daniel",2,"Goran Dragic",0,29.4272727272727,0
"daniel",3,"Anthony Davis",0,55.3524590163934,12
"daniel",3,"Zion Williamson",0,44.4836065573771,6
"daniel",3,"Kyrie Irving",0,45.9333333333333,12
"daniel",3,"Khris Middleton",0,39.26875,2
"daniel",3,"Malcolm Brogdon",0,36.9836065573771,1
"daniel",3,"John Wall",0,38.9140350877193,5
"daniel",3,"Blake Griffin",0,34.7612244897959,11
"daniel",3,"Danilo Gallinari",0,31.4333333333333,11
"daniel",3,"DeMarcus Cousins",0,35.6,4
"daniel",3,"Derrick Rose",0,30.1473684210526,11
"daniel",3,"Kevin Love",0,32.5178571428571,12
"daniel",3,"Bojan Bogdanovic",0,27.11875,3
"daniel",3,"Goran Dragic",0,29.4272727272727,0
"daniel",4,"Anthony Davis",0,55.3524590163934,3
"daniel",4,"Zion Williamson",0,44.4836065573771,6
"daniel",4,"Kyrie Irving",0,45.9333333333333,11
"daniel",4,"Khris Middleton",0,39.26875,2
"daniel",4,"Malcolm Brogdon",0,36.9836065573771,1
"daniel",4,"John Wall",0,38.9140350877193,5
"daniel",4,"Blake Griffin",0,34.7612244897959,11
"daniel",4,"Danilo Gallinari",0,31.4333333333333,11
"daniel",4,"DeMarcus Cousins",0,35.6,4
"daniel",4,"Derrick Rose",0,30.1473684210526,12
"daniel",4,"Kevin Love",0,32.5178571428571,12
"daniel",4,"Bojan Bogdanovic",0,27.11875,12
"daniel",4,"Goran Dragic",0,29.4272727272727,0
"daniel",5,"Anthony Davis",0,55.3524590163934,3
"daniel",5,"Zion Williamson",0,44.4836065573771,12
"daniel",5,"Kyrie Irving",0,45.9333333333333,11
"daniel",5,"Khris Middleton",0,39.26875,12
"daniel",5,"Malcolm Brogdon",0,36.9836065573771,1
"daniel",5,"John Wall",0,38.9140350877193,5
"daniel",5,"Blake Griffin",0,34.7612244897959,11
"daniel",5,"Danilo Gallinari",0,31.4333333333333,11
"daniel",5,"DeMarcus Cousins",0,35.6,4
"daniel",5,"Derrick Rose",0,30.1473684210526,0
"daniel",5,"Kevin Love",0,32.5178571428571,6
"daniel",5,"Bojan Bogdanovic",0,27.11875,2
"daniel",5,"Goran Dragic",0,29.4272727272727,12
"daniel",6,"Anthony Davis",0,55.3524590163934,3
"daniel",6,"Zion Williamson",0,44.4836065573771,11
"daniel",6,"Kyrie Irving",0,45.9333333333333,11
"daniel",6,"Khris Middleton",0,39.26875,11
"daniel",6,"Malcolm Brogdon",0,36.9836065573771,1
"daniel",6,"John Wall",0,38.9140350877193,5
"daniel",6,"Blake Griffin",0,34.7612244897959,12
"daniel",6,"Danilo Gallinari",0,31.4333333333333,12
"daniel",6,"DeMarcus Cousins",0,35.6,4
"daniel",6,"Derrick Rose",0,30.1473684210526,0
"daniel",6,"Kevin Love",0,32.5178571428571,6
"daniel",6,"Bojan Bogdanovic",0,27.11875,2
"daniel",6,"Goran Dragic",0,29.4272727272727,12
